ID,Title,Link,Published Date,Summary,Category
1,"Some on-air claims about Dominion Voting Systems were false, Fox News acknowledges in statement after deal is announced",https://www.cnn.com/business/live-news/fox-news-dominion-trial-04-18-23/index.html,2023-04-19 12:44:51,No summary available,Others
2,Here are the 20 specific Fox broadcasts and tweets Dominion says were defamatory,https://www.cnn.com/2023/04/17/media/dominion-fox-news-allegations/index.html,2023-04-17 16:01:11,"• Fox-Dominion trial delay 'is not unusual,' judge says
• Fox News' defamation battle isn't stopping Trump's election lies",Others
3,Judge in Fox News-Dominion defamation trial: 'The parties have resolved their case',https://www.cnn.com/2023/04/18/media/fox-dominion-settlement/index.html,2023-04-19 08:28:17,The judge just announced in court that a settlement has been reached in the historic defamation case between Fox News and Dominion Voting Systems.,Others
4,'Difficult to say with a straight face': Tapper reacts to Fox News' statement on settlement,https://www.cnn.com/videos/politics/2023/04/18/jake-tapper-dominion-lawsuit-settlement-fox-news-statement-lead-vpx.cnn,2023-04-18 21:17:44,"A settlement has been reached in Dominion Voting Systems' defamation case against Fox News, the judge for the case announced. The network will pay more than $787 million to Dominion, a lawyer for the company said.",Others
5,Millions in the US could face massive consequences unless McCarthy can navigate out of a debt trap he set for Biden,https://www.cnn.com/2023/04/18/politics/mccarthy-biden-debt-ceiling/index.html,2023-04-18 20:34:45,"• DeSantis goes to Washington, a place he once despised, looking for support to take on Trump
• Opinion: For the GOP to win, it must ditch Trump
• Chris Christie mulling 2024 White House bid
• Analysis: The fire next time has begun burning in Tennessee",Others
6,White homeowner accused of shooting a Black teen who rang his doorbell turns himself in to face criminal charges,https://www.cnn.com/2023/04/18/us/kansas-city-ralph-yarl-shooting-tuesday/index.html,2023-04-19 04:29:05,"• 'A major part of Ralph died': Aunt of teen shot after ringing wrong doorbell speaks
• 20-year-old woman shot after friend turned into the wrong driveway in upstate New York, officials say",Others
7,Newly released video shows scene of Jeremy Renner's snowplow accident,https://www.cnn.com/videos/us/2023/04/18/jeremy-renner-snowplow-accident-bodycam-nc-melas-contd-vpx.cnn,2023-04-18 14:09:43,"Newly released body camera footage shows firefighters and sheriff's deputies rushing to help actor Jeremy Renner after a near-fatal snowplow accident in January. The ""Avengers"" actor broke more than 30 bones and suffered other severe injuries. CNN's Chloe Melas has more.",Others
8,Jake Gyllenhaal and Jamie Lee Curtis spent the Covid-19 lockdown together,https://www.cnn.com/2023/04/18/entertainment/jake-gyllenhaal-jamie-lee-curtis-pandemic-living/index.html,2023-04-18 14:40:32,It's sourdough bread and handstands for Jake Gyllenhaal and Jamie Lee Curtis.,Others
9,"Toddler crawls through White House fence, prompts Secret Service response",https://www.cnn.com/2023/04/18/politics/white-house-toddler/index.html,2023-04-18 17:38:16,"A tiny intruder infiltrated White House grounds Tuesday, prompting a swift response from the US Secret Service.",Others
10,Jamie Foxx remains hospitalized nearly a week after 'medical complication',https://www.cnn.com/2023/04/17/entertainment/jamie-foxx-remains-hospitalized/index.html,2023-04-18 00:27:07,"Jamie Foxx remains hospitalized in Georgia nearly a week after his daughter revealed the actor experienced a ""medical complication,"" a source with knowledge of the matter told CNN on Monday.",Others
11,A 13-year-old dies after participating in a Benadryl TikTok 'challenge',https://www.cnn.com/2023/04/18/us/benadryl-tiktok-challenge-teen-death-wellness/index.html,2023-04-19 15:01:06,"A 13-year-old in Ohio has died after ""he took a bunch of Benadryl,"" trying a dangerous TikTok challenge that's circulating online, according to a CNN affiliate and a GoFundMe account from his family.",Others
12,See pizza delivery guy take out suspect fleeing police,https://www.cnn.com/videos/us/2023/04/18/pizza-guy-trips-perp-moos-cprog-orig-bdk.cnn,2023-04-18 16:40:22,"Pizza guy delivers more than a pie, taking out a fleeing suspect. CNN's Jeanne Moos shows him putting his best foot forward.",Others
13,Netflix is winding down its DVD business after 25 years,https://www.cnn.com/2023/04/18/media/netflix-dvd-red-envelopes/index.html,2023-04-18 20:10:51,Netflix is officially winding down the business that helped make it a household name.,Others
14,FTC chair Lina Khan warns AI could 'turbocharge' fraud and scams,https://www.cnn.com/2023/04/18/tech/lina-khan-ai-warning/index.html,2023-04-18 17:59:38,"Artificial intelligence tools such as ChatGPT could lead to a ""turbocharging"" of consumer harms including fraud and scams, and the US government has substantial authority to crack down on AI-driven consumer harms under existing law, members of the Federal Trade Commission said Tuesday.",Others
15,"Eating too much of these foods is driving the rise in type 2 diabetes, study says",https://www.cnn.com/2023/04/17/health/rise-type-2-diabetes-global-wellness/index.html,2023-04-17 16:02:46,"Gobbling up too many refined wheat and rice products, along with eating too few whole grains, is fueling the growth of new cases of type 2 diabetes worldwide, according to a new study that models data through 2018.",Others
16,ADHD medication abuse in schools is a 'wake-up call',https://www.cnn.com/2023/04/18/health/teen-misuse-adhd-meds-wellness/index.html,2023-04-25 17:44:36,"At some middle and high schools in the United States, 1 in 4 teens report they've abused prescription stimulants for attention deficit hyperactivity disorder during the year prior, a new study found.",Others
17,Apple CEO was presented with an original Macintosh. See his reaction,https://www.cnn.com/videos/tech/2023/04/18/apple-store-mumbai-india-ceo-tim-cook-vedika-sud-ovn-biz-ldn-vpx.cnn,2023-04-18 09:17:25,CEO Tim Cook personally welcomed customers to the new Apple store in Mumbai as the tech company opens its first retail stores in India. CNN's Vedika Sud reports.,Others
18,Democrats bash Justice Clarence Thomas but their plan to investigate ethics allegations is unclear,https://www.cnn.com/2023/04/18/politics/clarence-thomas-ethics-democrats/index.html,2023-04-18 20:29:46,"Senate Democrats railed against Justice Clarence Thomas on Tuesday amid reports that the Supreme Court conservative failed to disclose luxury travel, gifts and a real estate transaction involving a GOP megadonor, but their plan to investigate the conservative jurist remains unclear.",Others
19,Two Russians claiming to be former Wagner commanders admit killing children and civilians in Ukraine,https://www.cnn.com/2023/04/17/europe/wagner-commanders-russia-kill-children-intl-hnk/index.html,2023-04-18 19:07:52,Two Russian men who claim to be former Wagner Group commanders have told a human rights activist that they killed children and civilians during their time in Ukraine.,Others
20,'My stomach is hurting from laughing': Hear panelist's reaction to DeSantis' threat to Disney,https://www.cnn.com/videos/business/2023/04/18/desantis-disney-competition-panel-reax-pt-vpx.cnn,2023-04-18 03:24:56,CNN panelists react to Florida Gov. Ron DeSantis floating the idea of building a competing theme park next to Disney World in Orlando.,Others
21,GOP prepared to block vote to replace Feinstein on Senate Judiciary,https://www.cnn.com/2023/04/18/politics/schumer-senate-feinstein-vote-cardin/index.html,2023-04-18 22:03:13,"Senate Majority Leader Chuck Schumer said on Tuesday that he hopes to replace Democratic Sen. Dianne Feinstein on the Senate Judiciary Committee with Sen. Ben Cardin of Maryland and aims to set up a floor vote on the issue this afternoon, which Republicans are expected to block.",Others
22,Oklahoma governor calls on officials to resign over recording of racist and threatening remarks,https://www.cnn.com/2023/04/18/us/mccurtain-county-oklahoma-officials-recording/index.html,2023-04-18 17:33:17,No summary available,Others
23,McCarthy slams Biden in handling of US debt,https://www.cnn.com/videos/politics/2023/04/18/kevin-mccarthy-wall-street-speech-debt-ceiling-biden-economy-vpx.cnn,2023-04-18 22:03:01,House Speaker Kevin McCarthy traveled to Wall Street on Monday to deliver a fresh warning that the House GOP majority will refuse to lift a cap on government borrowing unless Biden agrees to spending cuts that would effectively neutralize his domestic agenda.,Others
24,US warns Russia not to touch American nuclear technology at Ukrainian nuclear plant,https://www.cnn.com/2023/04/18/politics/us-warns-russia-zaporizhzhia-nuclear-plant/index.html,2023-04-19 08:35:33,"The US has sensitive nuclear technology at a nuclear power plant inside Ukraine and is warning Russia not to touch it, according to a letter the US Department of Energy sent to Russia's state-owned nuclear energy firm Rosatom last month.",Others
25,Repeated gunshots fired on live TV as ex-lawmaker shot by assassins,https://www.cnn.com/videos/world/2023/04/18/india-ex-lawmaker-atiq-ahmed-assassination-sud-pkg-contd-ovn-intl-hnk-vpx.cnn,2023-04-18 09:41:42,"Atiq Ahmed, a former lawmaker in India's parliament, convicted of kidnapping, was shot dead along with his brother while police were escorting them for a medical check-up in a slaying caught on live television on Saturday. CNN's Vedika Sud reports.",Others
26,FDA clears the way for additional bivalent boosters for certain vulnerable individuals,https://www.cnn.com/2023/04/18/health/fda-bivalent-booster-additional-doses/index.html,2023-04-18 15:09:15,"The U.S. Food and Drug Administration amended the terms of its emergency use authorizations for the Pfizer and Moderna bivalent vaccines on Tuesday, allowing people ages 65 and older and certain people with weakened immunity to get additional doses before this fall's vaccination campaigns.",Others
27,Maine authorities detained a person of interest after 4 people were found dead in a home and 3 others shot while driving,https://www.cnn.com/2023/04/18/us/maine-shooting-bowdoin-yarmouth/index.html,2023-04-19 01:49:51,"Maine authorities have detained a person of interest and continue to investigate after two shooting incidents that appear to be connected left at least four people dead and three others injured, state police said.",Others
28,Southwest says flights resumed after delays caused by 'tech issues',https://www.cnn.com/travel/article/southwest-airlines-flight-delays/index.html,2023-04-18 17:15:29,"• Delta Air Lines reports record bookings for summer travel
• Air France and Airbus acquitted in trial over 2009 plane crash",Others
29,Damar Hamlin cleared to resume football activities after January cardiac arrest,https://www.cnn.com/2023/04/18/sport/damar-hamlin-cleared-to-train-nfl-spt-intl/index.html,2023-04-18 22:11:37,"Buffalo Bills safety Damar Hamlin, who has been cleared to resume football activities, said Tuesday his cardiac arrest during an NFL game in January was caused by commotio cordis.",Others
30,Pilot makes history after landing on top of a 56-story hotel,https://www.cnn.com/videos/travel/2023/03/17/pilot-lands-on-dubai-helipad-cprog-orig-aw-ao.cnn,2023-03-19 11:22:30,Polish pilot Lukasz Czepiela made history after landing a plane on a helipad at the top of a 56-story hotel in Dubai.,Others
31,Top US Navy admiral defends non-binary sailor amid some Republican criticism,https://www.cnn.com/2023/04/18/politics/gilday-defends-non-binary-sailor/index.html,2023-04-18 19:56:40,"The top US Navy admiral ardently defended a non-binary sailor on Tuesday amid some criticism from Republican lawmakers, saying he is ""particularly proud of this sailor.""",Others
32,Fulton County DA says fake Trump electors are incriminating one another and wants lawyer disqualified,https://www.cnn.com/2023/04/18/politics/fulton-county-trump-fake-electors/index.html,2023-04-19 15:31:24,"The Fulton County District Attorney's office said some fake electors for Donald Trump have implicated each other in potential criminal activity and is seeking to disqualify their lawyer, according to a new court filing.",Others
33,High speed trains are racing across the world. But not in America,https://www.cnn.com/travel/article/high-speed-rail-us/index.html,2023-04-19 02:39:40,High speed trains have proved their worth across the world over the past 50 years.,Others
34,Here's what you need to know if you haven't filed your return yet — and even if you have,https://www.cnn.com/2023/04/18/success/tax-day-2023-file-irs/index.html,2023-04-18 14:15:43,"It's April 18, the official deadline to file your federal and state income tax returns for 2022. (It is also, apparently, National Animal Crackers Day for those who celebrate.)",Others
35,"Undocumented immigrants are paying their taxes today, too",https://www.cnn.com/2023/04/18/us/undocumented-immigrants-taxes-cec/index.html,2023-04-18 18:29:24,It's a surprising fact that's often overlooked in the immigration debate.,Others
36,Opinion: Why millionaires like us want to pay more in taxes,https://www.cnn.com/2023/04/17/opinions/us-tax-system-wealthy-disney-pearl/index.html,2023-04-17 19:32:49,"Tuesday is Tax Day in America, one of the most stressful days of the year, when many taxpayers will finally end their procrastination, file their federal returns, and hope for a refund from the IRS. But for many of the nation's wealthiest, it's just another Tuesday.",Others
37,'World's longest' purpose-built cycling tunnel opens in Norway,https://www.cnn.com/travel/article/worlds-longest-cycling-tunnel/index.html,2023-04-18 10:44:27,"There are many ways to explore the seven mountains that surround the picturesque UNESCO World Heritage city of Bergen on Norway's fjord-studded west coast. The newest, however, might well be record-breaking.",Others
38,Artist rejects photo prize after AI-generated image wins award,https://www.cnn.com/style/article/ai-photo-win-sony-scli-intl/index.html,2023-04-18 15:27:54,A German artist has rejected an award from a prestigious international photography competition after revealing that his submission was generated by Artificial Intelligence (AI).,Others
39,These ships disappeared in Lake Superior a century ago. Watch as they're found again,https://www.cnn.com/videos/travel/2023/04/18/century-old-shipwrecks-lake-superior-discovery-contd-orig-zt.cnn,2023-04-18 19:29:01,"The Great Lakes Shipwreck Historical Society has found two of three ships that sank in the same Lake Superior storm more than a century ago, locating one in 2021 and the other in 2022.",Natural Disasters
40,Erotic images of seniors show sex and intimacy in new light,https://www.cnn.com/style/article/marilyn-minter-artist-elder-sex/index.html,2023-04-18 03:24:57,"What does intimacy look like for seniors? There's no end to sex scenes and other steamy content featuring the young and unwrinkled, but past a certain age, popular culture largely draws a blank — or treats sex as a punchline.",Others
41,"China's economy is off to a solid start, rising 4.5% in Q1 2023",https://www.cnn.com/2023/04/17/economy/china-gdp-q1-2023-intl-hnk/index.html,2023-04-18 07:01:12,China's economy is off to a solid start in 2023 following its emergence from three years of strict pandemic restrictions.,Others
42,"Even when wives make as much as husbands, they still do more at home",https://www.cnn.com/2023/04/16/success/husbands-wives-earning-division-of-labor-pew-survey/index.html,2023-04-16 17:29:49,"• Four out of the five US metro areas with the lowest unemployment are in Florida. Here's why
• Opinion: The overlooked problem with raising the retirement age for Social Security",Others
43,McDonald's is upgrading its burgers,https://www.cnn.com/2023/04/17/business/mcdonalds-burgers/index.html,2023-04-17 16:31:30,"McDonald's, which has been focusing on upgrading its core items to boost sales, is rolling out a series of changes designed to improve its signature burgers.",Others
44,Google-parent stock drops on fears it could lose search market share to AI-powered rivals,https://www.cnn.com/2023/04/17/tech/google-ai-search-engine-stock-drop/index.html,2023-04-17 15:52:19,"Shares of Google-parent Alphabet fell more than 3% in early trading Monday after a report sparked concerns that its core search engine could lose market share to AI-powered rivals, including Microsoft's Bing.",Others
45,Mifepristone saved my life,https://www.cnn.com/2023/04/18/opinions/medication-abortion-mifepristone-miscarriage-jones-ctpr/index.html,2023-04-18 11:30:00,"The ruling earlier this month by a Texas federal judge to suspend the US Food and Drug Administration's approval of a drug that is used frequently for medication abortions, is very personal for me.",Others
46,Why isn't the House Judiciary Committee looking into Thomas?,https://www.cnn.com/2023/04/17/opinions/jim-jordan-clarence-thomas-judiciary-committee-obeidallah/index.html,2023-04-17 11:37:37,"On Monday, the GOP-controlled House Judiciary Committee — chaired by Donald Trump ally Rep. Jim Jordan — is set to hold a field hearing in New York City called ""Victims of Violent Crime in Manhattan."" A statement bills the hearing as an examination of how, the Judiciary Committee says, Manhattan District Attorney Alvin Bragg's policies have ""led to an increase in violent crime and a dangerous community for New York City residents.""",Others
47,Top secrets come spilling out,https://www.cnn.com/2023/04/16/opinions/top-secrets-come-spilling-out-opinion-column-galant/index.html,2023-04-16 11:22:36,"In 1917, British analysts deciphered a coded message the German foreign minister sent to one of his country's diplomats vowing to begin ""unrestricted submarine warfare"" and seeking to win over Mexico with a promise to ""reconquer the lost territory in Texas, New Mexico and Arizona"" if the US entered the world war. When it became public, the Zimmerman Telegram caused a sensation, helping propel the US into the conflict against Germany.",Others
48,How did Sudan go from casting off despotic rule to this?,https://www.cnn.com/2023/04/17/opinions/sudan-revolution-to-civil-war-lynch/index.html,2023-04-17 22:45:23,"Four years ago, almost to the day, the people of Sudan were celebrating a revolution after overthrowing longtime dictator Omar al-Bashir. Now the East African country faces the possibility of a complete collapse similar to the chaos we see today in Yemen or Libya.",Others
49,Michelle Yeoh set to return in new 'Star Trek' movie,https://www.cnn.com/2023/04/18/entertainment/michelle-yeoh-star-trek-section-31/index.html,2023-04-18 19:11:23,"Live long and prosper, Michelle Yeoh.",Others
50,Recap: 'Succession' finds dark humor in the aftershocks,https://www.cnn.com/2023/04/16/entertainment/succession-season-4-episode-4-recap/index.html,2023-04-17 02:28:12,"After the shock came the aftershocks, the power vacuum, and perhaps most significantly and impressively, the laughs, as ""Succession"" pivoted to face life after Logan Roy, in an episode that finally put the HBO show's title into full flower.",Others
51,"'Yellowjackets' leans hard into '90s music nostalgia, and we're here for it",https://www.cnn.com/2023/04/14/entertainment/yellowjackets-90s-music/index.html,2023-05-01 23:02:04,"Of the many dark gifts Showtime's eerie hit series ""Yellowjackets"" serves up for us, the juiciest this season is by far the music.",Others
52,Jeremy Renner revisits 'the amazing group of people' who helped him recover from his accident,https://www.cnn.com/2023/04/16/entertainment/jeremy-renner-update/index.html,2023-04-16 19:04:10,"Jeremy Renner is continuing his recovery after his devastating snowplow accident in January, and recognizing those who've helped him along the way.",Others
53,Review: 'Barry' takes a whack at its farewell season,https://www.cnn.com/2023/04/14/entertainment/barry-season-4-review/index.html,2023-04-14 12:33:08,"""Barry"" has taken chances from the very beginning, which is certainly true of a fourth and final season that picks up where the third left off, with its hitman-turned-wannabe actor getting arrested. That paves the way for an even darker season that accentuates the show's ensemble aspect while leaning a little too heavily on blurring lines with flights of fancy.",Others
54,GM touts EV progress but reminds investors that gas-powered cars will be 'significant' to its future,https://qz.com/gm-gas-powered-cars-investment-future-ev-progress-1851668873,2024-10-09 16:27:42,"<img class=""type:primaryImage"" src=""https://i.kinja-img.com/image/upload/c_fit,q_80,w_636/766281d32c97ca4d56f44d0ec0c5e835.jpg"" /><p>At General Motors (<a class=""sc-1out364-0 dPMosf sc-145m8ut-0 lcFFec js_link"" href=""https://qz.com/quote/GM"" rel=""noopener noreferrer"" target=""_blank"">GM</a>)’ investor day, the Detroit automaker made sure to tout its progress and enthusiasm for electric vehicles. But the company also made sure to remind investors that gasoline-powered cars are still a necessary part of its business.<br /></p><p><a href=""https://qz.com/gm-gas-powered-cars-investment-future-ev-progress-1851668873"">Read more...</a></p>",Others
55,3 women got kicked off a Spirit Airlines flight — for wearing crop tops,https://qz.com/women-kicked-off-spirit-airlines-flight-crop-tops-1851668855,2024-10-09 15:50:00,"<img class=""type:primaryImage"" src=""https://i.kinja-img.com/image/upload/c_fit,q_80,w_636/4d4a02763c47029367730f2ebb561d1b.jpg"" /><p>Three women said they were kicked off a <a class=""sc-1out364-0 dPMosf sc-145m8ut-0 lcFFec js_link"" href=""https://qz.com/spirit-airlines-checked-bags-carry-ons-seating-change-1851609003"" rel=""noopener noreferrer"" target=""_blank"">Spirit Airlines</a> flight for wearing crop tops.</p><p><a href=""https://qz.com/women-kicked-off-spirit-airlines-flight-crop-tops-1851668855"">Read more...</a></p>",Others
56,Mountain Dew's rebrand has a nostalgic new look,https://qz.com/mountain-dew-rebrands-with-a-nostalgic-new-look-1851668764,2024-10-09 15:05:00,"<img class=""type:primaryImage"" src=""https://i.kinja-img.com/image/upload/c_fit,q_80,w_636/3fd11092e65c85456ee9d52a3fd31e5f.jpg"" /><p>Mountain Dew (<a class=""sc-1out364-0 dPMosf sc-145m8ut-0 lcFFec js_link"" href=""https://qz.com/quote/PEP"" rel=""noopener noreferrer"" target=""_blank"">PEP</a>) is “reclaiming the mountain” with a rebrand that nods to the past.<br /></p><p><a href=""https://qz.com/mountain-dew-rebrands-with-a-nostalgic-new-look-1851668764"">Read more...</a></p>",Others
57,Medicare wants to make these generic drugs available for hyst $2,https://qz.com/medicare-2-drug-list-medicaid-1851668732,2024-10-09 14:49:14,"<img class=""type:primaryImage"" src=""https://i.kinja-img.com/image/upload/c_fit,q_80,w_636/fb15e395b7d0333ad5109e7ec9aff664.jpg"" /><p>The Centers for Medicare and Medicaid Services (CMS) just shared a preliminary list of generic drugs it plans to make available to Medicare recipients for $2 in a pilot program.<br /></p><p><a href=""https://qz.com/medicare-2-drug-list-medicaid-1851668732"">Read more...</a></p>",Others
58,CVS and UnitedHealth want FTC Chair Lina Khan to recuse herself from a case over insulin prices,https://qz.com/cvs-united-health-lina-khan-ftc-chair-recuse-lawsuit-1851668687,2024-10-09 14:45:00,"<img class=""type:primaryImage"" src=""https://i.kinja-img.com/image/upload/c_fit,q_80,w_636/912dbca0178a290818193e1f983ee712.jpg"" /><p>CVS (<a class=""sc-1out364-0 dPMosf sc-145m8ut-0 lcFFec js_link"" href=""https://qz.com/quote/CVS"" rel=""noopener noreferrer"" target=""_blank"">CVS</a>) and UnitedHealth Group (<a class=""sc-1out364-0 dPMosf sc-145m8ut-0 lcFFec js_link"" href=""https://qz.com/quote/UNH"" rel=""noopener noreferrer"" target=""_blank"">UNH</a>) on Tuesday demanded that Federal Trade Commission (FTC) Chair Lina Khan and two other commissioners recuse themselves from the agency’s lawsuit against the companies, accusing them of “blatant bias.”</p><p><a href=""https://qz.com/cvs-united-health-lina-khan-ftc-chair-recuse-lawsuit-1851668687"">Read more...</a></p>",Others
59,An HBO documentary says Peter Todd is the Bitcoin creator known as Satoshi Nakamoto. He denies it,https://qz.com/hbo-documentary-claims-peter-todd-bitcoin-creator-satos-1851668667,2024-10-09 14:22:06,"<img class=""type:primaryImage"" src=""https://i.kinja-img.com/image/upload/c_fit,q_80,w_636/4046de6574a7a5aa7932ebeccd7008b5.png"" /><p>Who created Bitcoin? Is it finally known? Perhaps not. </p><p><a href=""https://qz.com/hbo-documentary-claims-peter-todd-bitcoin-creator-satos-1851668667"">Read more...</a></p>",Others
60,Nvidia's stock surge sent its market cap past Microsoft's and close to a record high,https://qz.com/nvidia-stock-market-cap-apple-microsoft-ai-chips-1851668601,2024-10-09 14:19:00,"<img class=""type:primaryImage"" src=""https://i.kinja-img.com/image/upload/c_fit,q_80,w_636/d13dbd591cd76f288d66fc89a6104279.jpg"" /><p><a class=""sc-1out364-0 dPMosf sc-145m8ut-0 lcFFec js_link"" href=""https://qz.com/nvidia-stock-ai-chips-market-cap-1851647728"" rel=""noopener noreferrer"" target=""_blank"">Nvidia stock</a> seems to be climbing back to its record high close from June.</p><p><a href=""https://qz.com/nvidia-stock-market-cap-apple-microsoft-ai-chips-1851668601"">Read more...</a></p>",Others
61,Disneyland is raising prices — again,https://qz.com/disneyland-raised-its-prices-again-1851668643,2024-10-09 14:15:00,"<img class=""type:primaryImage"" src=""https://i.kinja-img.com/image/upload/c_fit,q_80,w_636/edc3a130c5dd28279b5013f0d230b185.jpg"" /><p><a class=""sc-1out364-0 dPMosf sc-145m8ut-0 lcFFec js_link"" href=""https://qz.com/disneyland-magic-united-workers-group-unionize-1851487221"" rel=""noopener noreferrer"" target=""_blank"">Disneyland</a> is raising its prices <a class=""sc-1out364-0 dPMosf sc-145m8ut-0 lcFFec js_link"" href=""https://qz.com/disney-world-food-prices-increases-inflation-1851538692/slides/4"" rel=""noopener noreferrer"" target=""_blank"">again</a>, implementing increases across the board and for its highest-demand days.<br /></p><p><a href=""https://qz.com/disneyland-raised-its-prices-again-1851668643"">Read more...</a></p>",Others
62,GM swears it really will make money on electric cars soon,https://qz.com/gm-general-motors-mary-barra-electric-car-sales-evs-1851668627,2024-10-09 13:49:03,"<img class=""type:primaryImage"" src=""https://i.kinja-img.com/image/upload/c_fit,q_80,w_636/5e691a992b1fa455cbf151a0276c85b5.jpg"" /><p>America’s Big Three are having a tough time in the pivot to electric vehicles. <a class=""sc-1out364-0 dPMosf sc-145m8ut-0 lcFFec js_link"" href=""https://jalopnik.com/ford-s-ev-unit-has-already-lost-2-5-billion-this-year-1851607399"">Ford has lost billions through its EV</a> production, Stellantis has faced issues <a class=""sc-1out364-0 dPMosf sc-145m8ut-0 lcFFec js_link"" href=""https://jalopnik.com/fiat-500e-sales-are-so-bad-stellantis-ceo-has-to-talk-t-1851663344"">shifting its battery-powered models</a> and General Motors previously announced a <a class=""sc-1out364-0 dPMosf sc-145m8ut-0 lcFFec js_link"" href=""https://jalopnik.com/these-are-gms-previous-attempts-at-selling-hybrids-1851224293"">renewed interest in hybrids because EVs weren’t selling</a> in the number it hoped. Now,…</p><p><a href=""https://qz.com/gm-general-motors-mary-barra-electric-car-sales-evs-1851668627"">Read more...</a></p>",Others
63,Bankrupt EV startup Fisker's legal troubles keep getting worse,https://qz.com/fisker-bankruptcy-ocean-recalls-cost-doj-evs-1851668617,2024-10-09 13:44:51,"<img class=""type:primaryImage"" src=""https://i.kinja-img.com/image/upload/c_fit,q_80,w_636/a9ae82be4af3034c93ff164e40fcb99d.jpg"" /><p>Despite <a class=""sc-1out364-0 dPMosf sc-145m8ut-0 lcFFec js_link"" href=""https://jalopnik.com/comedy-of-errors-led-to-fisker-s-bankruptcy-1851550234"">going through bankruptcy</a> and shuttering operations Fisker’s legal problems keep getting worse. Just a day after it was announced that the <a class=""sc-1out364-0 dPMosf sc-145m8ut-0 lcFFec js_link"" href=""http:// https://jalopnik.com/fisker-is-dead-but-its-legal-troubles-are-just-beginnin-1851666516"" target=""_blank"">Securities and Exchange Commission subpoenaed the automaker</a>,  the automaker learned asking owners to cover their own recall repair costs was just as illegal as it sounds.</p><p><a href=""https://qz.com/fisker-bankruptcy-ocean-recalls-cost-doj-evs-1851668617"">Read more...</a></p>",Others
64,The Boeing strike has no end in sight,https://qz.com/boeing-strike-union-talks-fail-credit-rating-cash-burn-1851668497,2024-10-09 13:30:21,"<img class=""type:primaryImage"" src=""https://i.kinja-img.com/image/upload/c_fit,q_80,w_636/3236c0d8fa87025eed55df183b815f75.jpg"" /><p>Boeing (<a class=""sc-1out364-0 dPMosf sc-145m8ut-0 lcFFec js_link"" href=""https://qz.com/quote/BA"" rel=""noopener noreferrer"" target=""_blank"">BA</a>) on Tuesday withdrew its latest offer to union machinists after negotiations broke down as their <a class=""sc-1out364-0 dPMosf sc-145m8ut-0 lcFFec js_link"" href=""https://qz.com/boeing-machinis-union-labor-strike-contract-wages-1851647608"" rel=""noopener noreferrer"" target=""_blank"">strike heads into its fourth week</a>. </p><p><a href=""https://qz.com/boeing-strike-union-talks-fail-credit-rating-cash-burn-1851668497"">Read more...</a></p>",Others
65,Costco's conundrum: How to compete online without killing that 'treasure hunt' vibe,https://qz.com/can-costco-compete-online-without-killing-the-treasure-1851668136,2024-10-09 13:10:35,"<img class=""type:primaryImage"" src=""https://i.kinja-img.com/image/upload/c_fit,q_80,w_636/0c672590f6132062d82b310a09a90df7.jpg"" /><p>As <a class=""sc-1out364-0 dPMosf sc-145m8ut-0 lcFFec js_link"" href=""https://qz.com/costco-platinum-bars-gold-and-silver-retail-consumers-1851663436"" rel=""noopener noreferrer"" target=""_blank"">Costco Wholesale</a> (<a class=""sc-1out364-0 dPMosf sc-145m8ut-0 lcFFec js_link"" href=""https://qz.com/quote/COST"" rel=""noopener noreferrer"" target=""_blank"">COST</a>) ventures further into e-commerce, it faces the daunting task of expanding its online presence without sacrificing the unique “treasure hunt” shopping experience that defines its warehouses.<br /></p><p><a href=""https://qz.com/can-costco-compete-online-without-killing-the-treasure-1851668136"">Read more...</a></p>",Others
66,Mortgage rates are rising again,https://qz.com/mortgage-rates-mba-housing-market-loan-volume-1851668526,2024-10-09 13:05:00,"<img class=""type:primaryImage"" src=""https://i.kinja-img.com/image/upload/c_fit,q_80,w_636/f80bfd9c39ad978cc76190ecd9eeca81.jpg"" /><p>Mortgage rates are once again trending upwards.</p><p><a href=""https://qz.com/mortgage-rates-mba-housing-market-loan-volume-1851668526"">Read more...</a></p>",Others
67,Google might get broken up after its big antitrust loss,https://qz.com/google-alphabet-doj-antitrust-search-engine-monopoly-1851668496,2024-10-09 12:30:00,"<img class=""type:primaryImage"" src=""https://i.kinja-img.com/image/upload/c_fit,q_80,w_636/21cab8cf1fea0f8c84ac84423a5cfd1a.jpg"" /><p>The Department of Justice could consider breaking up Google (<a class=""sc-1out364-0 dPMosf sc-145m8ut-0 lcFFec js_link"" href=""https://qz.com/quote/GOOGL"" rel=""noopener noreferrer"" target=""_blank"">GOOGL</a>), after a federal judge ruled in August that the tech giant <a class=""sc-1out364-0 dPMosf sc-145m8ut-0 lcFFec js_link"" href=""https://qz.com/google-loses-tech-antitrust-case-1851613659"" rel=""noopener noreferrer"" target=""_blank"">monopolized the online search engine market</a>.<br /></p><p><a href=""https://qz.com/google-alphabet-doj-antitrust-search-engine-monopoly-1851668496"">Read more...</a></p>",Others
68,The 10 most valuable private companies in the world,https://qz.com/unicorn-startup-private-company-openai-bytedance-spacex-1851666550,2024-10-09 09:00:00,"<img class=""type:primaryImage"" src=""https://i.kinja-img.com/image/upload/c_fit,q_80,w_636/25ef1a59ba15be1aae51a3f42d5941bd.jpg"" /><p>In the startup world, a ‘unicorn’ is a private company valued at $1 billion or more — and it’s a status all aspiring firms dream of achieving.</p><p><a href=""https://qz.com/unicorn-startup-private-company-openai-bytedance-spacex-1851666550"">Read more...</a></p>",Others
69,15 cities with the most expensive fast food in America,https://qz.com/fast-food-prices-most-expensive-us-1851650418,2024-10-09 09:00:00,"<img class=""type:primaryImage"" src=""https://i.kinja-img.com/image/upload/c_fit,q_80,w_636/0702fef9394f5e957d721bfdca167df2.jpg"" /><p>Inflation has <a class=""sc-1out364-0 dPMosf sc-145m8ut-0 lcFFec js_link"" href=""https://qz.com/walmart-target-costco-home-depot-lowes-retail-inflation-1851629124?_gl=1*yjrk0*_ga*MTIwNzMxNDYwMS4xNzE2MTMzMDkz*_ga_V4QNJTT5L0*MTcyNjY5NjM4NC4yMS4xLjE3MjY2OTgzMzMuNjAuMC4w"" rel=""noopener noreferrer"" target=""_blank"">taken a bite</a> out of more than just the economy – it’s also <a class=""sc-1out364-0 dPMosf sc-145m8ut-0 lcFFec js_link"" href=""https://qz.com/mcdonalds-5-meal-deal-psychological-success-1851648326?_gl=1*yjrk0*_ga*MTIwNzMxNDYwMS4xNzE2MTMzMDkz*_ga_V4QNJTT5L0*MTcyNjY5NjM4NC4yMS4xLjE3MjY2OTgzMzMuNjAuMC4w"" rel=""noopener noreferrer"" target=""_blank"">gnawing</a> at America’s favorite meal: a burger, fries, and soda.<br /></p><p><a href=""https://qz.com/fast-food-prices-most-expensive-us-1851650418"">Read more...</a></p>",Others
70,"Ozempic and prescription weight loss drugs: How they work, what they cost, side effects, and everything to know",https://qz.com/ozempic-wegovy-zepbound-weight-loss-drugs-cost-effects-1851660134,2024-10-09 09:00:00,"<img class=""type:primaryImage"" src=""https://i.kinja-img.com/image/upload/c_fit,q_80,w_636/56560acaab1c21d2c98a0b2c623220df.jpg"" /><p>A highly effective class of weight loss drug has taken the world by storm, as medications like <a class=""sc-1out364-0 dPMosf sc-145m8ut-0 lcFFec js_link"" href=""https://qz.com/ozempic-weight-loss-drug-novo-nordisk-1851483167"" rel=""noopener noreferrer"" target=""_blank"">Ozempic</a>, <a class=""sc-1out364-0 dPMosf sc-145m8ut-0 lcFFec js_link"" href=""https://qz.com/wegovy-weight-loss-drug-novo-nordisk-study-1851476027"" rel=""noopener noreferrer"" target=""_blank"">Wegovy</a>, and <a class=""sc-1out364-0 dPMosf sc-145m8ut-0 lcFFec js_link"" href=""https://qz.com/eli-lilly-zepbound-fda-shortage-over-1851664423"" rel=""noopener noreferrer"" target=""_blank"">Zepbound</a> become household names. These drugs, originally meant to treat diabetes, have become widely known for their slimming side effects.<br /></p><p><a href=""https://qz.com/ozempic-wegovy-zepbound-weight-loss-drugs-cost-effects-1851660134"">Read more...</a></p>",Natural Disasters
71,Domino's brings back 'emergency pizza' promotion that drove sales,https://qz.com/domino-emergency-pizza-promo-sales-driver-retail-1851668274,2024-10-08 21:05:00,"<img class=""type:primaryImage"" src=""https://i.kinja-img.com/image/upload/c_fit,q_80,w_636/a7730e3eed3baeb60266658baba7aa18.jpg"" /><p>Pizza is an emergency. At least, Domino’s thinks so.<br /></p><p><a href=""https://qz.com/domino-emergency-pizza-promo-sales-driver-retail-1851668274"">Read more...</a></p>",Others
72,Americans are slowing down on their credit card spending — here’s why,https://qz.com/credit-card-spending-is-slowing-among-consumers-heres-1851667829,2024-10-08 19:35:00,"<img class=""type:primaryImage"" src=""https://i.kinja-img.com/image/upload/c_fit,q_80,w_636/daf3ac95f34c35d8c412f3ed0452fc3c.jpg"" /><p> Americans are slowing down on their <a class=""sc-1out364-0 dPMosf sc-145m8ut-0 lcFFec js_link"" href=""https://qz.com/credit-cards-jd-power-rankings-points-miles-fees-1851623205"" rel=""noopener noreferrer"" target=""_blank"">credit card</a> purchases, according to <a class=""sc-1out364-0 dPMosf sc-145m8ut-0 lcFFec js_link"" href=""https://www.federalreserve.gov/releases/g19/current/"" rel=""noopener noreferrer"" target=""_blank"">recent data from the Federal Reserve’s consumer credit report</a>.<br /></p><p><a href=""https://qz.com/credit-card-spending-is-slowing-among-consumers-heres-1851667829"">Read more...</a></p>",Others
73,Lyft rolls out new payment measures to gain more drivers,https://qz.com/lyft-will-start-charging-riders-extra-if-they-make-driv-1851667604,2024-10-08 18:59:59,"<img class=""type:primaryImage"" src=""https://i.kinja-img.com/image/upload/c_fit,q_80,w_636/adf17bcc0a24692bb1b102311069f92c.jpg"" /><p><a class=""sc-1out364-0 dPMosf sc-145m8ut-0 lcFFec js_link"" href=""https://qz.com/lyft-layoffs-citibike-ebikes-1851639456"" rel=""noopener noreferrer"" target=""_blank"">Lyft</a> says it plans to attract more drivers to its ride-hailing platform by unveiling new payment measures for longer-than-estimated rides. These measures from the company come as Lyft (<a class=""sc-1out364-0 dPMosf sc-145m8ut-0 lcFFec js_link"" href=""https://qz.com/quote/LYFT"" rel=""noopener noreferrer"" target=""_blank"">LYFT</a>) is looking to entice new drivers and retain current drivers on its platform.</p><p><a href=""https://qz.com/lyft-will-start-charging-riders-extra-if-they-make-driv-1851667604"">Read more...</a></p>",Others
74,"FAANG and data center stocks are a buy to cash in on AI's next phase, strategist says",https://qz.com/faang-data-center-stocks-cash-in-on-ais-next-phase-1851668061,2024-10-08 18:29:00,"<img class=""type:primaryImage"" src=""https://i.kinja-img.com/image/upload/c_fit,q_80,w_636/519c11d1832ea37c102116156c28cd9c.jpg"" /><p>Tejas Dessai, director of research at Global X, spoke with Quartz for the latest installment of our “Smart Investing” video series.</p><p><a href=""https://qz.com/faang-data-center-stocks-cash-in-on-ais-next-phase-1851668061"">Read more...</a></p>",Others
75,Luxury car sales are tanking as drivers look for cheaper options,https://qz.com/cheap-affordable-vehicle-sales-grow-luxury-fall-prices-1851667915,2024-10-08 18:25:58,"<img class=""type:primaryImage"" src=""https://i.kinja-img.com/image/upload/c_fit,q_80,w_636/0bd44e28068f3d7fa06f027fea24f365.jpg"" /><p>After years of buying expensive vehicles and looking for luxury, more and more consumers are going all-in on cheaper — but reliable — cars that just get the job done well.<br /></p><p><a href=""https://qz.com/cheap-affordable-vehicle-sales-grow-luxury-fall-prices-1851667915"">Read more...</a></p>",Others
76,All the airports closing for Hurricane Milton,https://qz.com/hurricane-milton-airport-closures-orlando-tampa-1851667895,2024-10-08 17:58:00,"<img class=""type:primaryImage"" src=""https://i.kinja-img.com/image/upload/c_fit,q_80,w_636/fd018ec318da5ddf74be954fe82ce771.jpg"" /><p>As <a class=""sc-1out364-0 dPMosf sc-145m8ut-0 lcFFec js_link"" href=""https://www.nhc.noaa.gov/text/refresh/MIATCPAT4+shtml/081455.shtml"" rel=""noopener noreferrer"" target=""_blank"">category-4 Hurricane Milton</a> barrels toward Florida with an expected landfall occurring Wednesday morning, many of the state’s most heavily trafficked airports are shutting down operations. Among them are <a class=""sc-1out364-0 dPMosf sc-145m8ut-0 lcFFec js_link"" href=""https://www.orlandoairports.net/press/2024/10/07/hurricane-milton-update-2-orlando-international-to-cease-commercial-operations-8-am-wednesday-october-9/"" rel=""noopener noreferrer"" target=""_blank"">Orlando International Airport</a> and <a class=""sc-1out364-0 dPMosf sc-145m8ut-0 lcFFec js_link"" href=""https://news.tampaairport.com/tampa-international-airport-will-suspend-operations-early-tuesday-ahead-of-hurricane-milton/"" rel=""noopener noreferrer"" target=""_blank"">Tampa International Airport</a>.</p><p><a href=""https://qz.com/hurricane-milton-airport-closures-orlando-tampa-1851667895"">Read more...</a></p>",Natural Disasters
77,"The next Nvidia? Data center stocks could be a goldmine, strategist says",https://qz.com/next-nvidia-data-center-companies-could-be-a-goldmine-1851668022,2024-10-08 17:46:00,"<img class=""type:primaryImage"" src=""https://i.kinja-img.com/image/upload/c_fit,q_80,w_636/f899b71ce3b54e363dd6b6f293742e77.jpg"" /><p><a href=""https://qz.com/next-nvidia-data-center-companies-could-be-a-goldmine-1851668022"">Read more...</a></p>",Others
78,Home Depot says corporate employees have to try working in actual stores,https://qz.com/home-depot-corp-employees-work-in-store-shift-retail-1851667924,2024-10-08 17:25:00,"<img class=""type:primaryImage"" src=""https://i.kinja-img.com/image/upload/c_fit,q_80,w_636/bb32aba528dff93fc9975bc17aa0e089.jpg"" /><p>Home Depot (<a class=""sc-1out364-0 dPMosf sc-145m8ut-0 lcFFec js_link"" href=""https://qz.com/quote/HD"" rel=""noopener noreferrer"" target=""_blank"">HD</a>) wants its corporate employees to gain insight into the daily challenges faced by its in-store associates. </p><p><a href=""https://qz.com/home-depot-corp-employees-work-in-store-shift-retail-1851667924"">Read more...</a></p>",Others
79,Look inside Clint Eastwood’s California home that just sold for more than $18 million,https://qz.com/clint-eastwoods-former-home-sells-18-55-million-1851667945,2024-10-08 17:09:00,"<img class=""type:primaryImage"" src=""https://i.kinja-img.com/image/upload/c_fit,q_80,w_636/58ad1ebaff7c2f6a9f15eb37b91da9c1.jpg"" /><p>Academy Award-winning actor Clint Eastwood’s former home in Carmel-by-the-Sea, California sold for $18.55 million after going on the market for $21 million earlier this year.<br /></p><p><a href=""https://qz.com/clint-eastwoods-former-home-sells-18-55-million-1851667945"">Read more...</a></p>",Others
80,WeightWatchers is getting in on the off-brand weight loss drug game — and selling them cheap,https://qz.com/weight-watchers-compounded-semaglutide-1851667926,2024-10-08 16:59:55,"<img class=""type:primaryImage"" src=""https://i.kinja-img.com/image/upload/c_fit,q_80,w_636/3d2827dfea4aa3351f12bbe24f36db57.jpg"" /><p><a class=""sc-1out364-0 dPMosf sc-145m8ut-0 lcFFec js_link"" href=""https://qz.com/ozempic-wegovy-zepbound-weight-loss-drugs-cost-effects-1851660134"" rel=""noopener noreferrer"" target=""_blank"">Ozempic and prescription weight loss drugs: How they work, what they cost, side effects, and everything to know</a><br /></p><p><a href=""https://qz.com/weight-watchers-compounded-semaglutide-1851667926"">Read more...</a></p>",Others
81,"A self-driving truck startup wants Waymo, Cruise, and others to follow its lead on safety",https://qz.com/gatik-av-self-driving-trucks-safety-waymo-cruise-tesla-1851663459,2024-10-08 16:02:00,"<img class=""type:primaryImage"" src=""https://i.kinja-img.com/image/upload/c_fit,q_80,w_636/95744c2614e6969decf943146d03ac7b.jpg"" /><p>Self-driving truck startup Gatik on Thursday announced plans for what it calls the “most rigorous” third-party review of an autonomous driving system. And it wants others to follow its lead.</p><p><a href=""https://qz.com/gatik-av-self-driving-trucks-safety-waymo-cruise-tesla-1851663459"">Read more...</a></p>",Others
82,Kamala Harris wants Medicare to help cover in-home eldercare. Here's how she plans to pay for it,https://qz.com/kamala-harris-eldercare-funding-medicare-1851667707,2024-10-08 15:04:00,"<img class=""type:primaryImage"" src=""https://i.kinja-img.com/image/upload/c_fit,q_80,w_636/8612b60ad2556daa27ff05e32ac4be69.jpg"" /><p><a class=""sc-1out364-0 dPMosf sc-145m8ut-0 lcFFec js_link"" href=""https://qz.com/ozempic-wegovy-zepbound-weight-loss-drugs-cost-effects-1851660134"" rel=""noopener noreferrer"" target=""_blank"">Ozempic and prescription weight loss drugs: How they work, what they cost, side effects, and everything to know</a></p><p><a href=""https://qz.com/kamala-harris-eldercare-funding-medicare-1851667707"">Read more...</a></p>",Others
83,Two AI pioneers won the Nobel Prize for their work in machine learning,https://qz.com/ai-geoffrey-hinton-john-hopfield-machine-learning-nobel-1851667556,2024-10-08 14:43:00,"<img class=""type:primaryImage"" src=""https://i.kinja-img.com/image/upload/c_fit,q_80,w_636/e04614969ced71971ea04833d265cc11.jpg"" /><p>Two artificial intelligence pioneers were awarded the Nobel Prize  for their work in machine learning, which laid the foundation for the current AI boom.</p><p><a href=""https://qz.com/ai-geoffrey-hinton-john-hopfield-machine-learning-nobel-1851667556"">Read more...</a></p>",Others
84,Toyota is delaying plans to make electric cars in America,https://qz.com/toyotal-evs-electric-cars-hybrids-us-production-1851667677,2024-10-08 14:41:05,"<img class=""type:primaryImage"" src=""https://i.kinja-img.com/image/upload/c_fit,q_80,w_636/79e8703b26d7cf51de9bd4a119f0d820.png"" /><p><a class=""sc-1out364-0 dPMosf sc-145m8ut-0 lcFFec js_link"" href=""https://jalopnik.com/car-buying/toyota"">Toyota</a> is delaying the production of its <a class=""sc-1out364-0 dPMosf sc-145m8ut-0 lcFFec js_link"" href=""https://jalopnik.com/toyota-slashes-its-already-low-ev-targets-1851641641"">first U.S.-made electric vehicle until 2026</a> at the earliest. Still, it says it’s going to sell as many as seven all-electric vehicles here within the next two years. It’s going to be very interesting to see if that actually happens with the <a class=""sc-1out364-0 dPMosf sc-145m8ut-0 lcFFec js_link"" href=""https://jalopnik.com/ditching-evs-for-hybrids-is-already-paying-off-for-auto-1851640422"">EV market being as unpredictable</a> as…</p><p><a href=""https://qz.com/toyotal-evs-electric-cars-hybrids-us-production-1851667677"">Read more...</a></p>",Others
85,Bitcoin creator Satoshi Nakamoto unmasked: Will HBO reveal who really made the cryptocurrency?,https://qz.com/bitcoin-creator-satoshi-nakamoto-hbo-documentary-1851667608,2024-10-08 14:25:35,"<img class=""type:primaryImage"" src=""https://i.kinja-img.com/image/upload/c_fit,q_80,w_636/6a363a034e712602ee791f42e5a75cbb.jpg"" /><p>HBO’s (<a class=""sc-1out364-0 dPMosf sc-145m8ut-0 lcFFec js_link"" href=""https://qz.com/quote/WBD"" rel=""noopener noreferrer"" target=""_blank"">WBD</a>) latest documentary, “<a class=""sc-1out364-0 dPMosf sc-145m8ut-0 lcFFec js_link"" href=""https://www.hbo.com/movies/money-electric-the-bitcoin-mystery"" rel=""noopener noreferrer"" target=""_blank"">Money Electric: The Bitcoin Mystery</a>,” premiering Tuesday, <a class=""sc-1out364-0 dPMosf sc-145m8ut-0 lcFFec js_link"" href=""https://qz.com/hbo-documentary-bitcoin-creator-satoshi-nakamoto-1851666819?_gl=1*k9nmcw*_ga*MTU2MDE5NDI5OS4xNzI3NzIxMzUz*_ga_V4QNJTT5L0*MTcyODM5NzM1NC4zMi4xLjE3MjgzOTczODEuMzMuMC4w"" rel=""noopener noreferrer"" target=""_blank"">promises to delve into one of the greatest enigmas of the digital age: the identity of Bitcoin’s elusive creator</a>, believed to be among the richest and most enigmatic individuals on the planet.<br /></p><p><a href=""https://qz.com/bitcoin-creator-satoshi-nakamoto-hbo-documentary-1851667608"">Read more...</a></p>",Others
86,Even a grocery store is offering free streaming perks now,https://qz.com/kroger-disney-plus-membership-streaming-1851667620,2024-10-08 14:12:00,"<img class=""type:primaryImage"" src=""https://i.kinja-img.com/image/upload/c_fit,q_80,w_636/fba2ae1b42a767e45897a9872cd060ca.jpg"" /><p>Kroger (<a class=""sc-1out364-0 dPMosf sc-145m8ut-0 lcFFec js_link"" href=""https://qz.com/quote/KR"" rel=""noopener noreferrer"" target=""_blank"">KR</a>), the nation’s largest grocer, is now helping cover some of its customers’ streaming subscriptions.<br /></p><p><a href=""https://qz.com/kroger-disney-plus-membership-streaming-1851667620"">Read more...</a></p>",Others
87,10 cities where low mortgage rates have homeowners locked in 'golden handcuffs',https://qz.com/homeowners-mortgage-rates-golden-handcuffs-lock-in-1851667517,2024-10-08 14:00:00,"<img class=""type:primaryImage"" src=""https://i.kinja-img.com/image/upload/c_fit,q_80,w_636/a7da16e68789dadee277991c3c0f5d7d.jpg"" /><p>Despite signs that the <a class=""sc-1out364-0 dPMosf sc-145m8ut-0 lcFFec js_link"" href=""https://qz.com/housing-market-mortgage-rates-lock-in-effect-listings-1851632607?rev=1724771767980"" rel=""noopener noreferrer"" target=""_blank"">“lock-in” effect is beginning to fade</a>, many homeowners that snagged rock-bottom mortgage rates during the pandemic are still waiting on rates to fall again before making a move.<br /></p><p><a href=""https://qz.com/homeowners-mortgage-rates-golden-handcuffs-lock-in-1851667517"">Read more...</a></p>",Others
88,Tesla's big robotaxi event might not even have real cars,https://qz.com/tesla-robotaxi-event-elon-musk-self-driving-cars-evs-1851667564,2024-10-08 13:28:25,"<img class=""type:primaryImage"" src=""https://i.kinja-img.com/image/upload/c_fit,q_80,w_636/b0d96357fc1c11f2f90813c8ba7bc07e.jpg"" /><p><a class=""sc-1out364-0 dPMosf sc-145m8ut-0 lcFFec js_link"" href=""https://jalopnik.com/tesla-can-t-even-make-full-self-driving-work-in-a-tunne-1851634303"">Tesla</a> has big plans to release a <a class=""sc-1out364-0 dPMosf sc-145m8ut-0 lcFFec js_link"" href=""https://jalopnik.com/a-robotaxi-wont-solve-teslas-mounting-issues-1851473930"">company-saving robotaxi</a> next week, leveraging the <a class=""sc-1out364-0 dPMosf sc-145m8ut-0 lcFFec js_link"" href=""https://jalopnik.com/even-elon-musk-s-lawyers-don-t-think-autonomous-teslas-1851665228"">incredible advantage in autonomous technology</a> that <a class=""sc-1out364-0 dPMosf sc-145m8ut-0 lcFFec js_link"" href=""https://jalopnik.com/tesla-s-full-self-driving-tech-isn-t-just-around-the-c-1851485259"">the company swears it has</a> in order to prevent <a class=""sc-1out364-0 dPMosf sc-145m8ut-0 lcFFec js_link"" href=""https://jalopnik.com/silicon-valley-tech-bros-are-out-on-tesla-1851651247"">the whole house of cards from tumbling down</a>. The Tesla faithful hoping to see a real life robotaxi might be disappointed, however: New…</p><p><a href=""https://qz.com/tesla-robotaxi-event-elon-musk-self-driving-cars-evs-1851667564"">Read more...</a></p>",Others
89,SpaceX says it could launch Starship soon if the FAA lets it,https://qz.com/spacex-starship-rocket-fifth-launch-test-elon-musk-faa-1851667523,2024-10-08 13:15:00,"<img class=""type:primaryImage"" src=""https://i.kinja-img.com/image/upload/c_fit,q_80,w_636/e67c1a1babb5c373196357f7590990c8.jpg"" /><p>Elon Musk’s SpaceX has said it could launch its next test of the Starship megarocket as soon as Oct. 13 — as long as it gets regulatory approval from the Federal Aviation Administration (FAA).</p><p><a href=""https://qz.com/spacex-starship-rocket-fifth-launch-test-elon-musk-faa-1851667523"">Read more...</a></p>",Others
90,Uber will use ChatGPT to get more people to use EVs,https://qz.com/uber-green-electric-vehicles-evs-ai-assistant-1851667513,2024-10-08 13:13:47,"<img class=""type:primaryImage"" src=""https://i.kinja-img.com/image/upload/c_fit,q_80,w_636/2d6d7bca90e7c3b1a690761e879150ba.jpg"" /><p>Uber (<a class=""sc-1out364-0 dPMosf sc-145m8ut-0 lcFFec js_link"" href=""https://qz.com/quote/UBER"" rel=""noopener noreferrer"" target=""_blank"">UBER</a>) is looking to encourage users and drivers to opt for electric vehicles.<br /></p><p><a href=""https://qz.com/uber-green-electric-vehicles-evs-ai-assistant-1851667513"">Read more...</a></p>",Others
91,"Everything to know about Nvidia, from the stock to its AI chips",https://qz.com/nvidia-stock-ai-chips-market-cap-1851647728,2024-10-08 09:00:00,"<img class=""type:primaryImage"" src=""https://i.kinja-img.com/image/upload/c_fit,q_80,w_636/e989a78d92952961ce408539c230caf9.jpg"" /><p><a class=""sc-1out364-0 dPMosf sc-145m8ut-0 lcFFec js_link"" href=""https://qz.com/nvidia-history-origin-ai-chip-jensen-huang-1851372906"" rel=""noopener noreferrer"" target=""_blank"">Nvidia</a> has emerged as one of the hottest <a class=""sc-1out364-0 dPMosf sc-145m8ut-0 lcFFec js_link"" href=""https://qz.com/ai-artificial-intelligence-glossary-vocabulary-terms-1851422473"" rel=""noopener noreferrer"" target=""_blank"">artificial intelligence</a> stocks on the market. The 31-year-old company’s meteoric rise is largely due to <a class=""sc-1out364-0 dPMosf sc-145m8ut-0 lcFFec js_link"" href=""https://qz.com/ai-stocks-dot-com-bubble-nvidia-google-microsoft-amazon-1851407019"" rel=""noopener noreferrer"" target=""_blank"">the recent AI boom</a>, which revealed the unexpected potential of its core product, the graphics processing units (GPUs), for AI development.<br /></p><p><a href=""https://qz.com/nvidia-stock-ai-chips-market-cap-1851647728"">Read more...</a></p>",Others
92,Why are the world's wealthiest families flocking to family offices?,https://qz.com/why-world-wealthiest-families-flocking-family-offices-1851665724,2024-10-08 09:00:00,"<img class=""type:primaryImage"" src=""https://i.kinja-img.com/image/upload/c_fit,q_80,w_636/125a249558f2ae52fe8d92e668479a9d.jpg"" /><p>The wealthiest families in the world are increasingly investing their portfolios into risk assets rather than cash, a recent survey of more than 338 family offices revealed.<br /></p><p><a href=""https://qz.com/why-world-wealthiest-families-flocking-family-offices-1851665724"">Read more...</a></p>",Others
93,The top 10 mental health apps to try on World Mental Health Day,https://qz.com/calm-finch-world-mental-health-day-apps-1851666018,2024-10-08 09:00:00,"<img class=""type:primaryImage"" src=""https://i.kinja-img.com/image/upload/c_fit,q_80,w_636/963bf2891df7c3e19106b56cec7c8c98.jpg"" /><p>In honor of World Mental Health Day on October 10 and National Depression and Mental Health Screening Month, we’re highlighting apps aiming to assist the millions of people seeking to improve their mental health. In 2019, an estimated <a class=""sc-1out364-0 dPMosf sc-145m8ut-0 lcFFec js_link"" href=""https://www.who.int/publications/i/item/9789240049338"" rel=""noopener noreferrer"" target=""_blank"">970 million people</a> worldwide were living with a mental disorder, according to the…</p><p><a href=""https://qz.com/calm-finch-world-mental-health-day-apps-1851666018"">Read more...</a></p>",Others
94,Costco's gold bars are selling out fast,https://qz.com/costco-gold-bars-metal-silver-platinum-retail-consumer-1851667327,2024-10-07 22:15:00,"<img class=""type:primaryImage"" src=""https://i.kinja-img.com/image/upload/c_fit,q_80,w_636/eea1067b4d236d6ea531b3add498e85e.jpg"" /><p>In a striking display of <a class=""sc-1out364-0 dPMosf sc-145m8ut-0 lcFFec js_link"" href=""https://qz.com/costco-platinum-bars-gold-and-silver-retail-consumers-1851663436"" rel=""noopener noreferrer"" target=""_blank"">shifting</a> consumer behavior, Costco (<a class=""sc-1out364-0 dPMosf sc-145m8ut-0 lcFFec js_link"" href=""https://qz.com/quote/COST"" rel=""noopener noreferrer"" target=""_blank"">COST</a>) Wholesale gold bars are disappearing from shelves faster than they can be restocked. </p><p><a href=""https://qz.com/costco-gold-bars-metal-silver-platinum-retail-consumer-1851667327"">Read more...</a></p>",Others
95,FTX shareholders could get $1 billion after crypto firm is cleared to fully repay customers,https://qz.com/ftx-shareholders-billion-seized-crypto-exchange-sbf-1851667188,2024-10-07 20:51:00,"<img class=""type:primaryImage"" src=""https://i.kinja-img.com/image/upload/c_fit,q_80,w_636/a0da3871c4dbf126245cc0ae4a47b7bd.jpg"" /><p>A judge has reportedly approved payments to customers of collapsed crypto exchange FTX — and its shareholders could get $1 billion in seized assets. </p><p><a href=""https://qz.com/ftx-shareholders-billion-seized-crypto-exchange-sbf-1851667188"">Read more...</a></p>",Others
96,"Christine McVie’s Fleetwood Mac scrapbook, Dianne Feinstein’s books, and an iconic Marilyn Monroe portrait: this week’s auction block roundup",https://qz.com/this-week-s-auction-block-roundup-1851667217,2024-10-07 20:19:00,"<img class=""type:primaryImage"" src=""https://i.kinja-img.com/image/upload/c_fit,q_80,w_636/b08a23f0ad44536bd2d771ef878965b7.jpg"" /><p>Each week Quartz highlights the upcoming and ongoing sales at auction houses across the world. Among the items available are works of art, historical artifacts, and pop culture memorabilia that collectors won’t want to miss out on. While some of these objects go for millions, others are simultaneously affordable and…</p><p><a href=""https://qz.com/this-week-s-auction-block-roundup-1851667217"">Read more...</a></p>",Others
97,McDonald's is suing Tyson Foods for allegedly choking the beef supply chain to raise prices,https://qz.com/mcdonalds-sues-tyson-foods-jbs-cargill-beef-supply-1851667117,2024-10-07 19:56:00,"<img class=""type:primaryImage"" src=""https://i.kinja-img.com/image/upload/c_fit,q_80,w_636/c05075daf60d07669013f7602b944647.jpg"" /><p><a class=""sc-1out364-0 dPMosf sc-145m8ut-0 lcFFec js_link"" href=""https://qz.com/mcdonalds-chicken-big-mac-retail-consumers-1851664859"" rel=""noopener noreferrer"" target=""_blank"">McDonald’s</a> has filed a <a class=""sc-1out364-0 dPMosf sc-145m8ut-0 lcFFec js_link"" href=""https://fingfx.thomsonreuters.com/gfx/legaldocs/jnvwjeeakpw/McDonald's%20v%20Cargill%20-%20EDNY%20-%2020241004.pdf"" rel=""noopener noreferrer"" target=""_blank"">lawsuit</a> against Tyson Foods (<a class=""sc-1out364-0 dPMosf sc-145m8ut-0 lcFFec js_link"" href=""https://qz.com/quote/TSN"" rel=""noopener noreferrer"" target=""_blank"">TSN</a>), JBS, and other  major meat processing companies, accusing them of colluding for years to limit beef supplies.<br /></p><p><a href=""https://qz.com/mcdonalds-sues-tyson-foods-jbs-cargill-beef-supply-1851667117"">Read more...</a></p>",Others
98,Donald Trump's plans would cut taxes on the richest 5% of America — and raise them for everyone else,https://qz.com/donald-trump-tax-cuts-wealthiest-americans-tarrifs-1851667005,2024-10-07 19:07:00,"<img class=""type:primaryImage"" src=""https://i.kinja-img.com/image/upload/c_fit,q_80,w_636/003c6e4fa140321f294be54cd74a46d5.jpg"" /><p>Former President Donald Trump has promised to slash — or scrap — a lot of taxes. But his plans to hike tariffs on imports would “more than offset” those tax cuts for all but the richest 5% of Americans, according to a <a class=""sc-1out364-0 dPMosf sc-145m8ut-0 lcFFec js_link"" href=""https://itep.org/a-distributional-analysis-of-donald-trumps-tax-plan-2024/"" rel=""noopener noreferrer"" target=""_blank"">new analysis</a>. </p><p><a href=""https://qz.com/donald-trump-tax-cuts-wealthiest-americans-tarrifs-1851667005"">Read more...</a></p>",Others
99,Super Micro Computer stock surges 15% on big AI demand,https://qz.com/super-micro-computer-stock-shares-surge-ai-demand-gpu-1851667019,2024-10-07 19:05:36,"<img class=""type:primaryImage"" src=""https://i.kinja-img.com/image/upload/c_fit,q_80,w_636/b0757900a5910da0c80f614a0b1b05db.jpg"" /><p>Server company Super Micro Computer (<a class=""sc-1out364-0 dPMosf sc-145m8ut-0 lcFFec js_link"" href=""https://qz.com/quote/SMCI"" rel=""noopener noreferrer"" target=""_blank"">SMCI</a>) unveiled a new liquid cooling solution for AI data centers on Monday, while also revealing it’s shipping over 100,000 graphics processing units (GPUs) quarterly — news that sent its stock climbing more than 15% in midday trading.</p><p><a href=""https://qz.com/super-micro-computer-stock-shares-surge-ai-demand-gpu-1851667019"">Read more...</a></p>",Others
100,A hot meal on a transatlantic JetBlue flight will now cost extra,https://qz.com/jetblue-transatlantic-hot-food-cut-1851667000,2024-10-07 18:28:00,"<img class=""type:primaryImage"" src=""https://i.kinja-img.com/image/upload/c_fit,q_80,w_636/4d23d5624d6070712e3d63ca64bc48a1.jpg"" /><p>JetBlue is making a big change to its transatlantic flight offerings. CNN (<a class=""sc-1out364-0 dPMosf sc-145m8ut-0 lcFFec js_link"" href=""https://qz.com/quote/WBD"" rel=""noopener noreferrer"" target=""_blank"">WBD</a>) reports that the company’s “core” fares flying to Europe and the U.K. will <a class=""sc-1out364-0 dPMosf sc-145m8ut-0 lcFFec js_link"" href=""https://www.cnn.com/2024/10/07/travel/jetblue-drops-hot-meals-economy-passengers/index.html"" rel=""noopener noreferrer"" target=""_blank"">no longer come</a> with hot meals.</p><p><a href=""https://qz.com/jetblue-transatlantic-hot-food-cut-1851667000"">Read more...</a></p>",Others
101,EV chargers that feel more like a gas station are coming,https://qz.com/rove-ev-charger-gas-station-california-1851667059,2024-10-07 18:21:41,"<img class=""type:primaryImage"" src=""https://i.kinja-img.com/image/upload/c_fit,q_80,w_636/d58fbe47c8ba02fee3d888b4ff0d6805.png"" /><p>One major key to EV adoption is creating a comprehensive charging network. Not only does it have to be <a class=""sc-1out364-0 dPMosf sc-145m8ut-0 lcFFec js_link"" href=""https://jalopnik.com/ev-charging-should-be-so-much-easier-1850784127?_gl=1*169sb8c*_ga*MTM0NDQ4ODA2My4xNzIyMzc4NDE0*_ga_V4QNJTT5L0*MTcyODMwMTQ1Ny4xMTguMS4xNzI4MzA1Njk0LjU3LjAuMA.."">convenient</a>, it has to be <a class=""sc-1out364-0 dPMosf sc-145m8ut-0 lcFFec js_link"" href=""https://jalopnik.com/non-tesla-evs-are-having-a-hard-time-using-supercharger-1851662200?_gl=1*169sb8c*_ga*MTM0NDQ4ODA2My4xNzIyMzc4NDE0*_ga_V4QNJTT5L0*MTcyODMwMTQ1Ny4xMTguMS4xNzI4MzA1Njk0LjU3LjAuMA.."">appealing</a>.  One company is making a valiant attempt with its new gas station-like EV chargers. </p><p><a href=""https://qz.com/rove-ev-charger-gas-station-california-1851667059"">Read more...</a></p>",Others
102,Bankrupt EV startup Fisker left its abandoned headquarters in 'complete disarray',https://qz.com/fisker-bankruptcy-evs-headquarters-lawsuit-1851667041,2024-10-07 18:18:00,"<img class=""type:primaryImage"" src=""https://i.kinja-img.com/image/upload/c_fit,q_80,w_636/1b6194a6700ba7915bcebc87bf5f1507.png"" /><p><strong>Read more</strong>: <a class=""sc-1out364-0 dPMosf sc-145m8ut-0 lcFFec js_link"" href=""https://qz.com/fisker-bankruptcy-ocean-recalls-cost-doj-evs-1851668617"" rel=""noopener noreferrer"" target=""_blank"">Fisker’s legal troubles keep getting worse</a></p><p><a href=""https://qz.com/fisker-bankruptcy-evs-headquarters-lawsuit-1851667041"">Read more...</a></p>",Others
103,Kashmir and Haryana prove India exit polls wrong,https://www.bbc.com/news/articles/cx2y4ew10wxo,2024-10-08 12:15:30,India's ruling BJP appears on course to hold Haryana state but is heading for defeat in Kashmir.,Others
104,'Our son died. Now we can use his sperm to have a grandchild',https://www.bbc.com/news/articles/cnvdgv6rejvo,2024-10-09 08:47:10,An Indian court has cleared the way for a couple to use their dead son's frozen sperm.,Others
105,Teen breaks record by climbing Earth's highest peaks,https://www.bbc.com/news/articles/c869y6qx6e4o,2024-10-09 10:36:27,"The 18-year-old has become the youngest person to summit all 14 of the world's 8,000m peaks.",Others
106,Indian financial aid opens 'new chapter' with Maldives,https://www.bbc.com/news/articles/cly4eq78k5qo,2024-10-07 12:24:15,The deal comes as the Maldives president visits Delhi after relations nosedived in recent months.,Others
107,Why are there so many dropped catches at T20 World Cup?,https://www.bbc.com/sport/cricket/articles/cg78yd0p088o,2024-10-06 20:01:57,BBC Sport looks at the significant number of dropped catches at the Women's T20 World Cup so far and the possible explanations.,Others
108,Climbers rescued after three days in the Himalayas,https://www.bbc.com/news/articles/c93y147z4pdo,2024-10-06 16:14:26,"A British climber who went missing in the Himalayas has spoken of her relief after surviving for two days in ""brutal"" conditions that put her life in danger.",Others
109,India government says criminalising marital rape 'excessively harsh',https://www.bbc.com/news/articles/c80r38yeempo,2024-10-04 06:32:38,The government has opposed petitions in the country's top court that seek criminalisation of marital rape.,Others
110,The Polish artist who painted Hindu gods in Indian palaces,https://www.bbc.com/news/articles/c8xe17pegrno,2024-10-04 23:21:43,Stefan Norblin painted beautiful murals in the art deco style for Indian maharajas in the 1940s.,Others
111,How India became a Test cricket powerhouse,https://www.bbc.com/news/articles/cz6w0lygq22o,2024-10-03 21:27:11,"More than 90 years after its first Test match, India boasts more victories in the format than losses.",Others
112,India's iconic tramcars set to ride into Kolkata sunset,https://www.bbc.com/news/articles/ckgn4mzn224o,2024-10-01 23:30:25,Kolkata's iconic trams are in danger of being shut down entirely. But activists are fighting back.,Others
113,"My mission is to take Tamil music global, says Sid Sriram",https://www.bbc.com/news/articles/cvgwwqpdj74o,2024-10-06 00:25:44,"The Indian-born, American-raised artist is going to perform his biggest solo UK show.",Others
114,India's top court saves a poor student's college dream,https://www.bbc.com/news/articles/cx25nq12n10o,2024-10-03 09:24:47,Atul Kumar missed the deadline to pay his college fee by a few seconds - then a court stepped in to help him.,Others
115,The 'mastermind' behind India's biggest jailbreak,https://www.bbc.com/news/articles/c1dd9rj3vmyo,2024-10-01 01:48:53,"Nearly 20 years ago, 389 men escaped from an Indian jail, led by a man believed to have planned the breakout.",Others
116,The world’s diamond polishing capital feels Ukraine war impact,https://www.bbc.com/news/articles/c1e866ypp1zo,2024-09-30 01:04:21,Wars and recession in key Western markets have left India's diamond industry workers distraught and jobless.,Others
117,"Sold out in minutes, resold for millions: Coldplay tickets spark outrage in India",https://www.bbc.com/news/articles/c99v12e3yj4o,2024-09-29 01:24:50,"Coldplay's concerts in Mumbai sold out in minutes and now resellers are charging up to $10,000 for a ticket.",Others
118,A famed holy sweet in an unsavoury row in India,https://www.bbc.com/news/articles/cglkenxgd5xo,2024-09-26 21:41:55,The famous Tirupati temple laddus are prized by devotees who consider them god’s blessing.,Others
119,Your essential guide to the ICC Women's T20 World Cup,https://www.bbc.com/sport/cricket/articles/c99vp4yyyyxo,2024-10-01 07:59:27,The Women's T20 World Cup in the United Arab Emirates starts on 3 October - here's everything you need to know about the ninth edition.,Others
120,The Kashmiri politician whose return from jail ruffled feathers,https://www.bbc.com/news/articles/cgj4l01q9jgo,2024-09-26 01:00:04,A court has allowed jailed lawmaker Engineer Rashid to return to Kashmir to campaign in regional polls.,Others
121,Death of Indian employee sparks debate on 'toxic work culture',https://www.bbc.com/news/articles/c0kjgp4jr5yo,2024-09-24 21:39:31,"Anna Perayil's parents allege she died four months after starting a job because of ""overwhelming work stress"".",Others
122,Tigers and crocs make mangrove preservation tough work,https://www.bbc.com/news/articles/crrldyvqe4xo,2024-09-23 23:09:02,To help preserve mangrove forests researchers have to take on demanding field work.,Others
123,How Punjabi megastar Diljit Dosanjh is inspiring the next gen,https://www.bbc.com/news/articles/cwy9gln6lz6o,2024-09-21 23:51:46,The biggest Punjabi singer in the world brings his Dil-Luminati tour to the UK.,Others
124,Hema committee report: Why are India's biggest film stars silent?,https://www.bbc.com/news/articles/cn9dgjd8rewo,2024-09-19 21:39:03,"The stars’ silence on a report exposing poor working conditions and sexual harassment in Kerala’s film industry is deafening, say critics.",Others
125,"Volunteers dying as Russia’s war dead tops 70,000",https://www.bbc.com/news/articles/cjr3255gpjgo,2024-09-19 23:12:45,The governments of India and Nepal have called on Moscow to stop sending their citizens to Ukraine and repatriate the bodies of the dead.,Others
126,Why hundreds of Samsung workers are protesting in India,https://www.bbc.com/news/articles/c7488w85n00o,2024-09-19 13:51:52,About 1500 workers in Tamil Nadu state have been striking work for the past 11 days.,Others
127,'Please save me': The Indians duped into fighting for Russia,https://www.bbc.com/news/articles/cly6ve2x72xo,2024-09-18 08:11:06,Dozens of Indian men have been discharged from the Russian army and are making their way home.,Others
128,"After a decade, Kashmir votes in historic elections",https://www.bbc.com/news/articles/cpw84kv9q8yo,2024-09-16 08:31:13,This is the first assembly election since PM Modi's government revoked Kashmir's special status in 2019.,Others
129,The German woman who helped build an Indian university,https://www.bbc.com/news/articles/cn020ywgx2yo,2024-09-16 21:41:27,Gerda Philipsborn left her home in Germany to help her three Indian friends set up Jamia Millia Islamia.,Others
130,India's oldest trams may soon be brought to a halt,https://www.bbc.com/news/articles/cr54qr64n1qo,2024-10-01 12:27:53,Authorities in the eastern city of Kolkata announced plans to discontinue its iconic trams first set up in 1873.,Others
131,Kolkata night protest: 'Today I witnessed history',https://www.bbc.com/news/videos/ce3106yz19do,2024-08-15 10:22:01,A young woman was among thousands who took part in a march in India's West Bengal. This is what she saw.,Others
132,Watch: Thousands of women protest about rape and murder of doctor in India,https://www.bbc.com/news/videos/czx67lknn54o,2024-08-15 08:56:44,Women led a march in West Bengal state after a female doctor's brutal rape and murder last week.,Others
133,Watch: Building collapses into river in Himachal Pradesh,https://www.bbc.com/news/videos/c1vdw9546wwo,2024-08-01 07:44:51,"No-one was injured in the incident, which took place due to heavy rainfall.",Others
134,"Watch: Blue screens, queues and airport delays worldwide",https://www.bbc.com/news/videos/cz7ejpld988o,2024-07-19 11:51:09,"Many flights have been grounded, with huge queues and delays at airports all over the world.",Others
135,Lavish Ambani wedding divides opinions in India,https://www.bbc.com/news/videos/cgr5073mz74o,2024-07-12 13:22:41,The noise around the lavish wedding has drawn public fascination - and ire.,Others
136,"Former PMs, film and sports stars join Ambani wedding",https://www.bbc.com/news/videos/cv2gnv34kyeo,2024-07-12 21:10:01,Tony Blair and Boris Johnson were among guests to arrive at the wedding of a billionaire's son.,Others
137,WATCH: Families mourn victims of deadly India crush,https://www.bbc.com/news/videos/cw4ypql875ko,2024-07-03 09:42:54,"At least 121 people, mostly women, were killed in the crush at a religious event in northern India.",Others
138,Watch: Delhi airport roof collapses due to heavy rain,https://www.bbc.com/news/videos/c134zdz2nnro,2024-06-28 07:43:43,The incident has left one person dead and injured four others.,Others
139,What worked for India's Modi - and what didn’t?,https://www.bbc.com/news/articles/ce442577v35o,2024-06-04 15:32:32,Indian Prime Minister Narendra Modi and his party have won the most seats in this year's election.,Others
140,"Arrests, accusations and AI: India’s election unpacked",https://www.bbc.com/news/videos/cqqq2g653gro,2024-06-01 23:07:59,"On 4 June, Indians will find out who governs their country for the next five years.",Others
